# diocotron growth rate (radial eigensolver), a=6 b=8 Rw=16
l,gamma
2,0.247828
3,0.772425
4,0.911787
5,0.685822
6,4.05172e-15
7,2.7129e-15
